roiID,label,xmin,ymin,xmax,ymax,x,y,z,,,,,,,,,,,,,,,,,,
0,bottle,287,95,324,132,-16.2373085,94.17638397,478,,,,,,,,,,,,,,,,,,
0,bottle,259,139,297,177,-41.56478882,41.56478882,437,,,,,,,,,,,,,,,,,,
0,bottle,260,151,299,190,-40.3894577,29.5532589,435,,,,,,,,,,,,,,,,,,
0,bottle,261,162,300,201,-47.37580109,22.50350571,523,,,,,,,,,,,,,,,,,,
0,bottle,262,164,301,203,-36.82947922,16.05387497,417,,,,,,,,,,,,,,,,,,
0,bottle,265,168,302,205,-32.92980576,12.45992565,393,,,,,,,,,,,,,,,,,,
0,bottle,268,169,307,208,-32.43385315,11.79412842,434,,,,,,,,,,,,,,,,,,
0,bottle,266,161,304,199,-37.17369843,21.24211311,469,,,,,,,,,,,,,,,,,,
0,bottle,254,151,293,190,-46.83229065,29.89295006,440,,,,,,,,,,,,,,,,,,
0,bottle,253,151,292,190,-50.98107529,31.86316872,469,,,,,,,,,,,,,,,,,,
0,bottle,263,154,308,199,-32.97283173,22.60994148,416,,,,,,,,,,,,,,,,,,
0,bottle,278,160,319,201,0,0,0,,,,,,,,,,,,,,,,,,
0,bottle,270,160,313,203,-27.84573746,18.24375916,424,,,,,,,,,,,,,,,,,,
0,bottle,265,159,305,199,-35.82625198,21.49575043,452,,,,,,,,,,,,,,,,,,
0,bottle,270,164,310,204,-27.31128883,14.56602001,402,,,,,,,,,,,,,,,,,,
0,bottle,283,165,324,206,0,0,0,,,,,,,,,,,,,,,,,,
0,bottle,286,162,326,202,-13.85492992,17.81348228,437,,,,,,,,,,,,,,,,,,
0,bottle,284,146,321,183,-17.2020359,34.40407181,422,,,,,,,,,,,,,,,,,,
0,bottle,279,153,319,193,-21.54330826,27.69853783,453,,,,,,,,,,,,,,,,,,
0,bottle,283,151,322,190,-16.38677216,27.31128883,402,,,,,,,,,,,,,,,,,,
0,bottle,283,148,322,187,0,0,0,,,,,,,,,,,,,,,,,,
0,bottle,282,151,320,189,-22.28836632,35.19215775,518,,,,,,,,,,,,,,,,,,
0,bottle,281,149,319,187,-21.28740501,34.05984879,470,,,,,,,,,,,,,,,,,,
0,bottle,281,149,319,187,-21.83091545,34.92946243,482,,,,,,,,,,,,,,,,,,
0,bottle,280,135,319,174,-20.54461098,45.00248337,432,,,,,,,,,,,,,,,,,,
0,bottle,280,134,318,172,-22.06643486,49.3867836,464,,,,,,,,,,,,,,,,,,
0,bottle,281,135,317,171,-21.87620735,48.96103287,460,,,,,,,,,,,,,,,,,,
0,bottle,282,138,318,174,0,0,0,,,,,,,,,,,,,,,,,,
1,bottle,197,153,247,203,-19.1586647,50.02540207,470,,,,,,,,,,,,,,,,,,
1,pottedplant,197,153,247,203,-104.7521515,23.51579094,472,,,,,,,,,,,,,,,,,,
2,bottle,203,145,253,195,-11.92094707,42.57481003,376,,,,,,,,,,,,,,,,,,
2,diningtable,203,145,253,195,-16.63135338,-80.38487244,612,,,,,,,,,,,,,,,,,,
2,pottedplant,203,145,253,195,-140.424408,45.79056931,674,,,,,,,,,,,,,,,,,,
1,bottle,198,149,250,201,0,0,0,,,,,,,,,,,,,,,,,,
1,pottedplant,198,149,250,201,-107.3972321,27.96802711,494,,,,,,,,,,,,,,,,,,
1,bottle,203,137,256,190,-11.95718002,53.26380539,480,,,,,,,,,,,,,,,,,,
1,pottedplant,203,137,256,190,-106.3373795,43.23608017,516,,,,,,,,,,,,,,,,,,
0,bottle,292,133,333,174,-8.58743,50.4511528,474,,,,,,,,,,,,,,,,,,
0,bottle,287,130,330,173,-22.55559158,92.10199738,830,,,,,,,,,,,,,,,,,,
0,bottle,287,128,332,173,-15.81835365,71.9016037,635,,,,,,,,,,,,,,,,,,
0,bottle,287,127,335,175,-12.24931622,66.69072723,601,,,,,,,,,,,,,,,,,,
0,bottle,286,133,330,177,-12.69091702,47.59093857,467,,,,,,,,,,,,,,,,,,
0,bottle,286,129,331,174,-12.69091702,51.82123947,467,,,,,,,,,,,,,,,,,,
0,bottle,289,128,333,172,-9.395898819,52.19943237,461,,,,,,,,,,,,,,,,,,
0,bottle,291,128,332,169,-9.375517845,54.16965485,460,,,,,,,,,,,,,,,,,,
0,bottle,292,128,333,169,-8.659897804,56.28933716,478,,,,,,,,,,,,,,,,,,
0,bottle,290,128,335,173,-11.54049206,72.12807465,637,,,,,,,,,,,,,,,,,,
0,bottle,294,128,338,172,-4.212188721,52.65235519,465,,,,,,,,,,,,,,,,,,
0,bottle,294,129,338,173,-4.221247196,51.71027756,466,,,,,,,,,,,,,,,,,,
0,bottle,297,126,343,172,0,53.58991241,464,,,,,,,,,,,,,,,,,,
0,bottle,303,129,347,173,5.242589474,51.37737656,463,,,,,,,,,,,,,,,,,,
0,bottle,308,131,352,175,10.59841061,49.81253052,468,,,,,,,,,,,,,,,,,,
0,bottle,311,128,354,171,12.79961872,54.39837646,471,,,,,,,,,,,,,,,,,,
0,bottle,312,130,355,173,14.01345253,52.81994247,476,,,,,,,,,,,,,,,,,,
0,bottle,316,129,358,171,20.17321396,59.33298492,524,,,,,,,,,,,,,,,,,,
0,bottle,318,129,358,169,0,0,0,,,,,,,,,,,,,,,,,,
1,bottle,233,140,284,191,0,0,0,,,,,,,,,,,,,,,,,,
1,pottedplant,233,140,284,191,-80.31240082,45.33764267,572,,,,,,,,,,,,,,,,,,
1,bottle,232,142,283,193,18.59477615,51.40908432,483,,,,,,,,,,,,,,,,,,
1,pottedplant,232,142,283,193,-71.6207962,37.51565552,502,,,,,,,,,,,,,,,,,,
1,bottle,224,152,272,200,10.64370251,47.89666367,470,,,,,,,,,,,,,,,,,,
1,bottle,224,152,272,200,-373.6551208,456.6895447,2619,,,,,,,,,,,,,,,,,,
1,pottedplant,224,152,272,200,-92.34883881,33.45972824,591,,,,,,,,,,,,,,,,,,
2,bottle,220,156,267,203,2.174032927,46.74170685,480,,,,,,,,,,,,,,,,,,
2,chair,220,156,267,203,119.0282974,-124.3184433,584,,,,,,,,,,,,,,,,,,
2,pottedplant,220,156,267,203,-88.58278656,24.15894127,508,,,,,,,,,,,,,,,,,,
0,bottle,277,127,312,162,-29.67555046,63.91656494,504,,,,,,,,,,,,,,,,,,
2,bottle,191,132,239,180,-35.06986618,73.76765442,534,,,,,,,,,,,,,,,,,,
2,chair,191,132,239,180,98.36367035,-109.1432495,595,,,,,,,,,,,,,,,,,,
2,pottedplant,191,132,239,180,-119.6057739,50.12051773,503,,,,,,,,,,,,,,,,,,
0,bottle,266,121,301,156,-42.56575394,71.32639313,508,,,,,,,,,,,,,,,,,,
0,bottle,259,117,292,150,-54.52066803,81.17521667,535,,,,,,,,,,,,,,,,,,
0,bottle,256,127,292,163,0,0,0,,,,,,,,,,,,,,,,,,
0,bottle,258,132,292,166,0,0,0,,,,,,,,,,,,,,,,,,
0,bottle,256,140,290,174,0,0,0,,,,,,,,,,,,,,,,,,
0,bottle,255,150,289,184,-58.69889069,40.35548782,540,,,,,,,,,,,,,,,,,,
0,bottle,261,157,294,190,0,0,0,,,,,,,,,,,,,,,,,,
1,bottle,189,185,232,228,-51.28905869,17.54625702,596,,,,,,,,,,,,,,,,,,
1,pottedplant,189,185,232,228,-141.9915314,-7.744992256,570,,,,,,,,,,,,,,,,,,
0,bottle,267,179,299,211,-54.12888718,7.314714909,646,,,,,,,,,,,,,,,,,,
1,bottle,189,202,235,248,0,0,0,,,,,,,,,,,,,,,,,,
1,pottedplant,189,202,235,248,-133.5399628,-30.91203117,546,,,,,,,,,,,,,,,,,,
0,bottle,280,198,312,230,-31.08866882,-18.13505745,572,,,,,,,,,,,,,,,,,,
0,bottle,288,206,321,239,-19.78369904,-27.20258522,546,,,,,,,,,,,,,,,,,,
0,bottle,294,206,328,240,-14.06327534,-35.93947983,690,,,,,,,,,,,,,,,,,,
1,bottle,214,227,260,273,-13.77793312,-32.14850998,676,,,,,,,,,,,,,,,,,,
1,pottedplant,214,227,260,273,-104.319603,-62.84313965,555,,,,,,,,,,,,,,,,,,
1,bottle,223,226,267,270,0,0,0,,,,,,,,,,,,,,,,,,
1,pottedplant,223,226,267,270,-93.92501831,-60.11201096,553,,,,,,,,,,,,,,,,,,
1,bottle,228,223,272,267,0,0,0,,,,,,,,,,,,,,,,,,
1,pottedplant,228,223,272,267,-87.34630585,-56.15119171,551,,,,,,,,,,,,,,,,,,
1,bottle,227,224,272,269,0,0,0,,,,,,,,,,,,,,,,,,
1,pottedplant,227,224,272,269,-88.91567993,-57.60734177,553,,,,,,,,,,,,,,,,,,
0,bottle,303,211,337,245,0,0,0,,,,,,,,,,,,,,,,,,
0,bottle,292,212,327,247,-5.000275612,-35.00193024,552,,,,,,,,,,,,,,,,,,
0,bottle,290,212,324,246,0,0,0,,,,,,,,,,,,,,,,,,
0,bottle,288,215,324,251,0,0,0,,,,,,,,,,,,,,,,,,
0,bottle,291,210,325,244,0,0,0,,,,,,,,,,,,,,,,,,
0,bottle,295,216,328,249,0,0,0,,,,,,,,,,,,,,,,,,
0,bottle,299,220,335,256,0,0,0,,,,,,,,,,,,,,,,,,
0,bottle,301,223,336,258,-2.545430183,-50.90860367,562,,,,,,,,,,,,,,,,,,
0,bottle,306,219,341,254,3.831732988,-45.98079681,564,,,,,,,,,,,,,,,,,,
0,bottle,307,220,342,255,5.543784142,-51.27999878,612,,,,,,,,,,,,,,,,,,
0,bottle,306,221,341,256,0,0,0,,,,,,,,,,,,,,,,,,
0,bottle,301,221,336,256,0,0,0,,,,,,,,,,,,,,,,,,
0,bottle,299,220,333,254,0,0,0,,,,,,,,,,,,,,,,,,
0,bottle,297,220,330,253,-9.368723869,-48.18200302,591,,,,,,,,,,,,,,,,,,
0,bottle,292,222,327,257,-13.22763062,-46.89796448,531,,,,,,,,,,,,,,,,,,
0,bottle,292,222,327,257,-15.24540615,-50.81801987,561,,,,,,,,,,,,,,,,,,
0,bottle,290,222,324,256,0,0,0,,,,,,,,,,,,,,,,,,
0,bottle,287,223,321,257,0,0,0,,,,,,,,,,,,,,,,,,
0,bottle,284,223,318,257,-23.36405945,-49.18749619,543,,,,,,,,,,,,,,,,,,
0,bottle,276,221,309,254,-35.63602448,-47.09045792,562,,,,,,,,,,,,,,,,,,
0,bottle,267,223,302,258,-46.06232452,-51.18035889,565,,,,,,,,,,,,,,,,,,
0,bottle,261,224,295,258,-57.35370636,-55.98814011,603,,,,,,,,,,,,,,,,,,
0,bottle,255,225,291,261,-57.79530716,-52.8765564,543,,,,,,,,,,,,,,,,,,
0,bottle,250,226,284,260,-43.20890427,-35.05628204,360,,,,,,,,,,,,,,,,,,
1,bottle,244,238,401,361,-79.46996307,-65.37045288,566,,,,,,,,,,,,,,,,,,
1,diningtable,244,238,401,361,3.261049271,-161.421936,720,,,,,,,,,,,,,,,,,,
0,bottle,231,234,268,271,-90.0411911,-65.94566345,560,,,,,,,,,,,,,,,,,,
0,bottle,227,235,260,268,0,0,0,,,,,,,,,,,,,,,,,,
0,bottle,223,237,259,273,-98.75543976,-68.75378418,552,,,,,,,,,,,,,,,,,,
1,bottle,414,158,461,205,-103.6198502,-66.97380829,558,,,,,,,,,,,,,,,,,,
1,tvmonitor,414,158,461,205,149.1726227,24.2246151,563,,,,,,,,,,,,,,,,,,
1,bottle,404,148,459,203,-129.4568634,-70.38431549,555,,,,,,,,,,,,,,,,,,
1,tvmonitor,404,148,459,203,132.9760742,29.94956779,529,,,,,,,,,,,,,,,,,,
2,bottle,219,131,327,239,-142.2383728,-77.1011734,587,,,,,,,,,,,,,,,,,,
2,tvmonitor,219,131,327,239,130.5325623,24.9198513,524,,,,,,,,,,,,,,,,,,
2,tvmonitor,219,131,327,239,-78.55052948,25.06931686,738,,,,,,,,,,,,,,,,,,
1,bottle,395,151,456,212,-92.83119965,-47.24444962,366,,,,,,,,,,,,,,,,,,
1,tvmonitor,395,151,456,212,123.1725464,22.28836632,518,,,,,,,,,,,,,,,,,,
1,bottle,388,150,453,215,-147.2590179,-70.0083847,533,,,,,,,,,,,,,,,,,,
1,tvmonitor,388,150,453,215,123.8745728,22.29742432,547,,,,,,,,,,,,,,,,,,
2,bottle,240,147,321,228,-150.7963562,-70.53377533,537,,,,,,,,,,,,,,,,,,
2,tvmonitor,240,147,321,228,115.1829834,27.03273964,519,,,,,,,,,,,,,,,,,,
2,tvmonitor,240,147,321,228,-72.46776581,23.55202293,800,,,,,,,,,,,,,,,,,,
2,bottle,242,157,315,230,-142.100235,-66.53899384,498,,,,,,,,,,,,,,,,,,
2,tvmonitor,242,157,315,230,121.745842,27.90008926,560,,,,,,,,,,,,,,,,,,
2,tvmonitor,242,157,315,230,-73.61818695,12.26969814,774,,,,,,,,,,,,,,,,,,
0,tvmonitor,373,135,449,211,120.7629929,35.83077621,586,,,,,,,,,,,,,,,,,,
1,tvmonitor,215,165,298,248,139.8990173,36.56451416,702,,,,,,,,,,,,,,,,,,
1,tvmonitor,215,165,298,248,-126.3837814,-11.84847927,872,,,,,,,,,,,,,,,,,,
1,tvmonitor,217,166,298,247,163.6593933,44.13286972,812,,,,,,,,,,,,,,,,,,
1,tvmonitor,217,166,298,247,-111.5686417,-10.62558556,782,,,,,,,,,,,,,,,,,,
1,tvmonitor,215,166,297,248,132.2400818,33.82885742,679,,,,,,,,,,,,,,,,,,
1,tvmonitor,215,166,297,248,-115.9484253,-12.68185902,800,,,,,,,,,,,,,,,,,,
1,tvmonitor,220,170,298,248,119.1166306,34.79811478,591,,,,,,,,,,,,,,,,,,
1,tvmonitor,220,170,298,248,-107.4742203,-15.85685253,778,,,,,,,,,,,,,,,,,,
1,tvmonitor,218,170,298,250,158.8221588,41.04392624,788,,,,,,,,,,,,,,,,,,
1,tvmonitor,218,170,298,250,-132.6839447,-21.40063667,945,,,,,,,,,,,,,,,,,,
1,tvmonitor,218,170,298,250,256.3728333,60.49246216,1272,,,,,,,,,,,,,,,,,,
1,tvmonitor,218,170,298,250,-109.376503,-17.64137077,779,,,,,,,,,,,,,,,,,,
1,tvmonitor,217,170,299,252,140.2251282,35.83530807,688,,,,,,,,,,,,,,,,,,
1,tvmonitor,217,170,299,252,-109.2360992,-19.38059807,778,,,,,,,,,,,,,,,,,,
1,tvmonitor,217,174,296,253,142.0934296,35.12421799,705,,,,,,,,,,,,,,,,,,
1,tvmonitor,217,174,296,253,-126.9635239,-25.78946495,876,,,,,,,,,,,,,,,,,,
1,tvmonitor,215,178,295,258,111.0681686,30.05373955,577,,,,,,,,,,,,,,,,,,
1,tvmonitor,215,178,295,258,-114.6689072,-31.75446892,779,,,,,,,,,,,,,,,,,,
1,tvmonitor,217,181,294,258,130.625412,34.53315353,663,,,,,,,,,,,,,,,,,,
1,tvmonitor,217,181,294,258,-124.8257217,-36.48751831,848,,,,,,,,,,,,,,,,,,
2,bottle,216,180,300,264,0,0,0,,,,,,,,,,,,,,,,,,
2,tvmonitor,216,180,300,264,136.3526306,31.81561279,669,,,,,,,,,,,,,,,,,,
2,tvmonitor,216,180,300,264,-104.041069,-36.91779709,741,,,,,,,,,,,,,,,,,,
2,bottle,221,178,309,266,-190.1803284,-101.7243576,651,,,,,,,,,,,,,,,,,,
2,tvmonitor,221,178,309,266,189.8836517,34.3406601,892,,,,,,,,,,,,,,,,,,
2,tvmonitor,221,178,309,266,-97.27664185,-38.91065598,781,,,,,,,,,,,,,,,,,,
2,bottle,226,185,313,272,0,0,0,,,,,,,,,,,,,,,,,,
2,tvmonitor,226,185,313,272,249.3117523,41.96336365,1090,,,,,,,,,,,,,,,,,,
2,tvmonitor,226,185,313,272,-141.6518402,-76.49198914,1251,,,,,,,,,,,,,,,,,,
2,bottle,228,184,320,276,0,0,0,,,,,,,,,,,,,,,,,,
2,tvmonitor,228,184,320,276,182.1703644,21.72674179,738,,,,,,,,,,,,,,,,,,
2,tvmonitor,228,184,320,276,-82.92123413,-54.07906723,796,,,,,,,,,,,,,,,,,,
1,bottle,404,157,459,212,0,0,0,,,,,,,,,,,,,,,,,,
1,tvmonitor,404,157,459,212,184.7588348,26.63190269,735,,,,,,,,,,,,,,,,,,
1,bottle,410,158,460,208,-130.4827423,-93.57852936,582,,,,,,,,,,,,,,,,,,
1,tvmonitor,410,158,460,208,192.9794006,28.52738953,741,,,,,,,,,,,,,,,,,,
2,bottle,417,160,463,206,-107.41082,-79.69189453,510,,,,,,,,,,,,,,,,,,
2,bottle,417,160,463,206,167.9734955,73.57515717,613,,,,,,,,,,,,,,,,,,
2,tvmonitor,417,160,463,206,153.2693176,21.71315384,564,,,,,,,,,,,,,,,,,,
3,bottle,255,173,346,264,0,0,0,,,,,,,,,,,,,,,,,,
3,bottle,255,173,346,264,184.3987427,80.95555115,662,,,,,,,,,,,,,,,,,,
3,tvmonitor,255,173,346,264,166.8774109,26.20389175,609,,,,,,,,,,,,,,,,,,
3,tvmonitor,255,173,346,264,-34.82981873,-31.346838,769,,,,,,,,,,,,,,,,,,
2,bottle,234,149,334,249,0,0,0,,,,,,,,,,,,,,,,,,
2,tvmonitor,234,149,334,249,148.5770264,27.70080376,556,,,,,,,,,,,,,,,,,,
2,tvmonitor,234,149,334,249,-61.55230713,1.709786296,755,,,,,,,,,,,,,,,,,,
2,bottle,227,135,336,244,0,0,0,,,,,,,,,,,,,,,,,,
2,tvmonitor,227,135,336,244,149.4647675,64.76805878,550,,,,,,,,,,,,,,,,,,
2,tvmonitor,227,135,336,244,-68.75832367,16.17842865,893,,,,,,,,,,,,,,,,,,
2,bottle,226,130,336,240,0,0,0,,,,,,,,,,,,,,,,,,
2,tvmonitor,226,130,336,240,181.0969391,63.91656494,672,,,,,,,,,,,,,,,,,,
2,tvmonitor,226,130,336,240,-68.88967133,26.49602699,780,,,,,,,,,,,,,,,,,,
2,bottle,221,128,332,239,-93.04180908,-51.68989182,415,,,,,,,,,,,,,,,,,,
2,tvmonitor,221,128,332,239,213.0280609,54.62257767,804,,,,,,,,,,,,,,,,,,
2,tvmonitor,221,128,332,239,-125.7496872,48.5851059,1262,,,,,,,,,,,,,,,,,,
1,bottle,416,142,463,189,-88.96550751,-42.18982697,405,,,,,,,,,,,,,,,,,,
1,tvmonitor,416,142,463,189,234.7253418,69.03686523,871,,,,,,,,,,,,,,,,,,
2,bottle,422,148,465,191,-88.33820343,-48.97008896,424,,,,,,,,,,,,,,,,,,
2,tvmonitor,422,148,465,191,195.1194611,56.90983963,718,,,,,,,,,,,,,,,,,,
0,bottle,215,236,248,269,0,0,0,,,,,,,,,,,,,,,,,,
0,tvmonitor,215,236,248,269,-84.87786865,46.682827,937,,,,,,,,,,,,,,,,,,
0,tvmonitor,215,236,248,269,231.8017426,55.10041046,839,,,,,,,,,,,,,,,,,,
0,bottle,223,241,258,276,0,0,0,,,,,,,,,2,0,car,248,106,406,264,5.65927887,12.12702656,357
3,0,car,248,105,406,263,5.580017567,12.75432587,352,,,,,,,,,,,,,,,,,
4,0,car,248,106,406,264,5.627574921,13.66696835,355,,,,,,,,,,,,,,,,,
5,0,car,248,106,406,264,5.738541603,12.29687405,362,,,,,,,,,,,,,,,,,
6,0,car,248,104,406,262,5.627574921,12.05908871,355,,,,,,,,,,,,,,,,,
7,0,car,248,106,406,264,5.706836224,13.85945892,360,,,,,,,,,,,,,,,,,
8,0,car,246,115,405,274,5.881211758,12.60259724,371,,,,,,,,,,,,,,,,,
9,0,car,249,104,407,262,4.846281528,5.81553793,428,,,,,,,,,,,,,,,,,
10,0,car,248,104,406,262,7.808401585,16.59285355,431,,,,,,,,,,,,,,,,,
11,0,car,249,102,407,260,5.722688198,13.89795685,361,,,,,,,,,,,,,,,,,
12,0,car,248,105,407,264,7.138074398,16.95292664,394,,,,,,,,,,,,,,,,,
13,0,car,249,103,407,261,5.833654881,13.3340683,368,,,,,,,,,,,,,,,,,
14,0,car,248,107,406,265,6.648917675,14.96006489,367,,,,,,,,,,,,,,,,,
15,0,car,248,104,406,262,6.087292194,14.78342438,384,,,,,,,,,,,,,,,,,
16,0,car,249,103,406,260,6.166553497,16.73778915,389,,,,,,,,,,,,,,,,,
17,0,car,248,102,406,260,5.865359306,15.92026043,370,,,,,,,,,,,,,,,,,
18,0,car,248,103,406,261,6.07144022,15.61227417,383,,,,,,,,,,,,,,,,,
19,0,car,246,112,405,271,4.144249916,7.459649563,366,,,,,,,,,,,,,,,,,
20,0,car,249,104,407,262,6.55833292,13.93645763,362,,,,,,,,,,,,,,,,,
21,0,car,249,103,406,260,5.897064209,16.00631714,372,,,,,,,,,,,,,,,,,
22,0,car,248,101,406,259,5.786098003,16.53170776,365,,,,,,,,,,,,,,,,,
23,0,car,248,102,406,260,5.849507332,15.87723446,369,,,,,,,,,,,,,,,,,
24,0,car,247,114,405,272,5.584546566,6.515304565,411,,,,,,,,,,,,,,,,,
25,0,car,246,99,406,259,5.027450562,17.59607697,370,,,,,,,,,,,,,,,,,
26,0,car,245,103,405,263,4.110280991,13.97495556,363,,,,,,,,,,,,,,,,,
27,0,car,246,102,406,262,5.027450562,15.08235168,370,,,,,,,,,,,,,,,,,
28,0,car,246,108,406,268,5.176915646,10.35383129,381,,,,,,,,,,,,,,,,,
29,0,car,245,113,405,273,4.348065853,6.087292194,384,,,,,,,,,,,,,,,,,
30,0,car,246,108,405,267,4.642466068,12.07041168,410,,,,,,,,,,,,,,,,,
31,0,person,245,116,405,276,5.290146828,0,584,,,,,,,,,,,,,,,,,
35,0,tvmonitor,245,121,403,279,8.424377441,-3.159141541,465,,,,,,,,,,,,,,,,,
37,0,tvmonitor,252,127,404,279,55.9405899,16.21466255,358,,,,,,,,,,,,,,,,,
45,0,car,340,131,438,229,9.882791519,-32.11907196,1091,,,,,,,,,,,,,,,,,
49,0,tvmonitor,245,134,403,292,77.17816925,70.7466507,568,,,,,,,,,,,,,,,,,
50,0,tvmonitor,329,94,432,197,67.33387756,63.37305832,583,,,,,,,,,,,,,,,,,
53,0,tvmonitor,313,94,429,210,108.6110611,100.7120743,872,,,,,,,,,,,,,,,,,
54,0,tvmonitor,320,94,430,204,86.62162018,94.32131958,850,,,,,,,,,,,,,,,,,
55,0,tvmonitor,307,93,424,210,81.05745697,98.85055542,873,,,,,,,,,,,,,,,,,
56,0,tvmonitor,301,90,421,210,70.83724213,112.5062027,920,,,,,,,,,,,,,,,,,
57,0,tvmonitor,291,83,418,210,60.21165085,97.40119934,782,,,,,,,,,,,,,,,,,
58,0,tvmonitor,289,80,419,210,81.7640152,174.8058319,1245,,,,,,,,,,,,,,,,,
59,0,tvmonitor,282,71,417,206,0,0,0,,,,,,,,,,,,,,,,,
62,0,tvmonitor,278,75,414,211,148.4887085,68.62923431,551,,,,,,,,,,,,,,,,,
65,0,tvmonitor,417,123,462,168,284.2321472,142.1160736,1141,,,,,,,,,,,,,,,,,
65,0,tvmonitor,417,123,462,168,-49.71288681,117.1803741,784,,,,,,,,,,,,,,,,,
68,1,tvmonitor,231,73,353,195,-56.61544418,155.6924591,1250,,,,,,,,,,,,,,,,,
69,0,tvmonitor,234,79,366,211,-37.24163437,94.53646088,1265,,,,,,,,,,,,,,,,,
70,0,tvmonitor,237,97,378,238,-26.14274597,82.45019531,888,,,,,,,,,,,,,,,,,
71,0,tvmonitor,239,91,375,227,0,48.98820877,676,,,,,,,,,,,,,,,,,
72,0,car,247,95,393,241,9.590655327,-23.0175724,847,,,,,,,,,,,,,,,,,
74,0,diningtable,247,134,404,291,4.993481636,-67.91135406,441,,,,,,,,,,,,,,,,,
79,0,sofa,245,188,405,348,-33.08153534,-119.9205551,913,,,,,,,,,,,,,,,,,
79,0,tvmonitor,245,188,405,348,68.10158539,21.07906151,358,,,,,,,,,,,,,,,,,
80,1,sofa,390,160,419,189,-12.24931622,-83.02314758,601,,,,,,,,,,,,,,,,,
81,0,sofa,238,188,385,335,-20.67143059,-147.2839355,1141,,,,,,,,,,,,,,,,,
82,0,sofa,238,183,386,331,-28.5070076,-137.7838593,1049,,,,,,,,,,,,,,,,,
88,0,sofa,237,187,380,330,7.493619442,-112.4042892,1103,,,,,,,,,,,,,,,,,
90,0,diningtable,248,170,399,321,9.529510498,-111.971756,1052,,,,,,,,,,,,,,,,,
91,0,diningtable,245,168,404,327,8.469669342,-82.57927704,935,,,,,,,,,,,,,,,,,
92,0,diningtable,245,160,403,318,-8.084685326,-59.28768921,1190,,,,,,,,,,,,,,,,,
100,0,chair,241,146,394,299,-54.57728195,-20.73936844,482,,,,,,,,,,,,,,,,,
100,0,pottedplant,241,146,394,299,-67.0326767,-21.45045853,592,,,,,,,,,,,,,,,,,
101,1,chair,230,176,310,256,-78.53694153,-32.3387413,680,,,,,,,,,,,,,,,,,
101,1,pottedplant,230,176,310,256,-71.12711334,-23.25309372,604,,,,,,,,,,,,,,,,,
102,1,chair,228,177,308,257,-70.93462372,-29.4445591,591,,,,,,,,,,,,,,,,,
102,1,pottedplant,228,177,308,257,-65.94567108,-17.66401672,520,,,,,,,,,,,,,,,,,
103,1,pottedplant,225,176,304,255,-67.508255,-15.95649624,542,,,,,,,,,,,,,,,,,
107,0,pottedplant,226,174,305,253,-23.69922447,-19.57761955,455,,,,,,,,,,,,,,,,,
107,0,tvmonitor,226,174,305,253,13.15289974,41.92486572,363,,,,,,,,,,,,,,,,,
108,1,pottedplant,322,135,351,164,-31.03432083,-20.68954659,571,,,,,,,,,,,,,,,,,
109,0,pottedplant,257,177,335,255,-25.98648643,-19.74972916,459,,,,,,,,,,,,,,,,,
110,0,pottedplant,256,180,335,259,-33.85603333,-25.7305851,598,,,,,,,,,,,,,,,,,
111,0,pottedplant,256,180,334,258,-25.49732971,-21.71994781,417,,,,,,,,,,,,,,,,,
113,0,tvmonitor,256,186,330,260,11.22344494,34.47201157,354,,,,,,,,,,,,,,,,,
116,0,pottedplant,319,142,349,172,-31.87449455,-30.5995121,563,,,,,,,,,,,,,,,,,
117,0,pottedplant,258,187,332,261,-25.19387054,-24.18611526,445,,,,,,,,,,,,,,,,,
119,0,pottedplant,258,187,332,261,-31.46912575,-35.40276718,579,,,,,,,,,,,,,,,,,
120,0,pottedplant,260,191,332,263,-28.96898842,-32.59011459,533,,,,,,,,,,,,,,,,,
121,0,pottedplant,260,191,332,263,-33.51633835,-36.19764709,592,,,,,,,,,,,,,,,,,
122,0,pottedplant,260,192,331,263,-34.34972,-40.0746727,632,,,,,,,,,,,,,,,,,
123,0,pottedplant,260,192,332,264,-27.39734268,-34.54447556,526,,,,,,,,,,,,,,,,,
125,0,pottedplant,261,193,334,266,-27.44037247,-39.20052719,577,,,,,,,,,,,,,,,,,
1,0,pottedplant,350,88,413,151,54.42782211,72.27300262,394,,,,,,,,,,,,,,,,,
5,0,bottle,247,134,381,268,0,0,0,,,,,,,,,,,,,,,,,
8,0,bottle,248,134,383,269,355.9005127,139.3736267,1099,,,,,,,,,,,,,,,,,
9,0,bottle,247,131,381,265,236.4034271,94.23073578,730,,,,,,,,,,,,,,,,,
11,0,bottle,450,132,474,156,268.7874451,97.74089813,830,,,,,,,,,,,,,,,,,
12,0,bottle,451,132,475,156,418.7255554,158.1201324,1293,,,,,,,,,,,,,,,,,
13,0,bottle,451,131,475,155,231.2219696,84.08071899,714,,,,,,,,,,,,,,,,,
14,0,bottle,451,136,475,160,325.4595337,132.0045624,1005,,,,,,,,,,,,,,,,,
15,0,bottle,451,134,475,158,445.280426,174.3755493,1375,,,,,,,,,,,,,,,,,
16,0,bottle,451,136,475,160,312.5059204,128.9360046,965,,,,,,,,,,,,,,,,,
17,0,bottle,452,131,475,154,859.472168,324.5559387,2654,,,,,,,,,,,,,,,,,
18,0,bottle,452,133,475,156,300.8476563,113.6068115,929,,,,,,,,,,,,,,,,,
19,0,bottle,452,130,475,153,537.8988037,206.8841553,1661,,,,,,,,,,,,,,,,,
20,0,bottle,450,133,474,157,749.0426636,288.0933228,2313,,,,,,,,,,,,,,,,,
21,0,bottle,450,133,474,157,139.8854218,54.18097687,435,,,,,,,,,,,,,,,,,
22,0,bottle,450,136,474,160,273.9825134,100.3316269,852,,,,,,,,,,,,,,,,,
23,0,bottle,450,135,474,159,320.9325562,119.7846832,998,,,,,,,,,,,,,,,,,
24,0,bottle,450,136,474,160,391.0360718,143.1963043,1216,,,,,,,,,,,,,,,,,
28,0,diningtable,268,110,401,243,17.94482994,30.76256752,566,,,,,,,,,,,,,,,,,
29,0,diningtable,262,119,401,258,8.743688583,9.53856945,351,,,,,,,,,,,,,,,,,
35,0,bottle,248,122,404,278,7.119957924,0,524,,,,,,,,,,,,,,,,,
37,0,bottle,248,121,405,278,7.283010006,1.21383512,536,,,,,,,,,,,,,,,,,
47,0,bottle,423,213,464,254,132.0317383,-35.42314911,474,,,,,,,,,,,,,,,,,
50,0,bottle,387,201,431,245,100.7754822,-26.04310417,500,,,,,,,,,,,,,,,,,
51,0,bottle,371,193,417,239,85.29908752,-18.44304466,509,,,,,,,,,,,,,,,,,
53,0,bottle,342,167,379,204,48.55340195,18.20752525,536,,,,,,,,,,,,,,,,,
54,0,bottle,338,166,372,200,42.64274979,20.71219254,538,,,,,,,,,,,,,,,,,
55,0,bottle,336,166,364,194,37.23031235,24.8202095,548,,,,,,,,,,,,,,,,,
56,0,bottle,335,165,363,193,36.25199509,26.25144768,552,,,,,,,,,,,,,,,,,
57,0,bottle,330,160,359,189,30.00165367,32.50179291,552,,,,,,,,,,,,,,,,,
62,0,bottle,285,100,317,132,-23.66525459,104.6253281,550,,,,,,,,,,,,,,,,,
63,2,bottle,190,100,237,147,-25.18254662,110.803215,556,,,,,,,,,,,,,,,,,
63,2,bottle,190,100,237,147,-57.88362503,114.4809494,568,,,,,,,,,,,,,,,,,
63,2,pottedplant,190,100,237,147,-123.8225021,89.10591125,511,,,,,,,,,,,,,,,,,
64,0,bottle,287,97,317,127,-23.88718605,116.7817993,586,,,,,,,,,,,,,,,,,
65,0,bottle,289,100,319,130,-23.04474831,122.4252243,636,,,,,,,,,,,,,,,,,
66,1,bottle,190,93,238,141,-27.76421165,124.9389572,613,,,,,,,,,,,,,,,,,
66,1,pottedplant,190,93,238,141,-123.3854294,96.6131134,514,,,,,,,,,,,,,,,,,
67,0,bottle,284,96,314,126,-27.29770279,115.6902618,574,,,,,,,,,,,,,,,,,
68,0,bottle,281,98,312,129,-30.21905518,109.5440826,556,,,,,,,,,,,,,,,,,
69,0,bottle,282,98,314,130,-27.15276527,106.1426315,545,,,,,,,,,,,,,,,,,
70,1,bottle,191,99,238,146,-24.59374809,102.0640488,543,,,,,,,,,,,,,,,,,
70,1,pottedplant,191,99,238,146,-123.1453781,90.6164093,513,,,,,,,,,,,,,,,,,
71,0,bottle,288,102,322,136,-18.54721832,100.1549759,546,,,,,,,,,,,,,,,,,
73,0,bottle,302,110,337,145,-1.483324528,108.282692,655,,,,,,,,,,,,,,,,,
74,0,bottle,310,111,345,146,10.65276146,109.5712509,672,,,,,,,,,,,,,,,,,
75,0,bottle,319,119,353,153,21.12435341,84.49741364,583,,,,,,,,,,,,,,,,,
76,0,bottle,327,114,358,145,38.81101608,125.2537384,779,,,,,,,,,,,,,,,,,
77,0,bottle,329,117,360,148,31.57782555,89.47051239,581,,,,,,,,,,,,,,,,,
78,0,bottle,329,119,360,150,39.40434647,108.3619537,725,,,,,,,,,,,,,,,,,
79,0,bottle,324,125,357,158,0,0,0,,,,,,,,,,,,,,,,,
80,0,bottle,321,128,354,161,27.33393669,90.04119873,710,,,,,,,,,,,,,,,,,
81,0,bottle,321,130,353,162,22.9451046,72.88445282,596,,,,,,,,,,,,,,,,,
82,0,bottle,321,133,354,166,21.25117111,63.75350952,552,,,,,,,,,,,,,,,,,
83,0,bottle,326,134,358,166,35.17404175,79.94100189,706,,,,,,,,,,,,,,,,,
84,0,bottle,333,136,364,167,0,0,0,,,,,,,,,,,,,,,,,
85,0,bottle,338,136,370,168,57.97874069,81.8523407,753,,,,,,,,,,,,,,,,,
86,0,bottle,340,132,372,164,95.95637512,138.603653,1177,,,,,,,,,,,,,,,,,
87,0,bottle,336,133,368,165,42.24870682,67.33387756,583,,,,,,,,,,,,,,,,,
88,0,bottle,328,130,361,163,31.30607414,70.4386673,576,,,,,,,,,,,,,,,,,
89,0,bottle,318,130,351,163,17.56437492,67.74829865,554,,,,,,,,,,,,,,,,,
90,0,bottle,312,131,344,163,11.01510048,72.97503662,608,,,,,,,,,,,,,,,,,
91,0,bottle,307,133,338,164,3.165935278,82.31432343,699,,,,,,,,,,,,,,,,,
92,1,bottle,417,101,463,147,-1.250068903,60.00330734,552,,,,,,,,,,,,,,,,,
92,1,tvmonitor,417,101,463,147,352.4650574,223.22789,1297,,,,,,,,,,,,,,,,,
93,1,bottle,419,96,464,141,-3.750206709,58.75323486,552,,,,,,,,,,,,,,,,,
93,1,tvmonitor,419,96,464,141,318.4097595,215.7818146,1162,,,,,,,,,,,,,,,,,
94,1,bottle,419,71,464,116,-13.47447491,47.1606636,595,,,,,,,,,,,,,,,,,
94,1,tvmonitor,419,71,464,116,225.2433929,199.1821747,822,,,,,,,,,,,,,,,,,
95,1,bottle,413,84,462,133,-31.28795433,39.82103348,628,,,,,,,,,,,,,,,,,
95,1,tvmonitor,413,84,462,133,210.6434174,165.63414,795,,,,,,,,,,,,,,,,,
96,1,bottle,412,81,461,130,-35.44579697,32.71919632,602,,,,,,,,,,,,,,,,,
96,1,tvmonitor,412,81,461,130,294.7445068,241.3856049,1122,,,,,,,,,,,,,,,,,
97,1,bottle,395,71,456,132,-41.99959946,26.72701836,562,,,,,,,,,,,,,,,,,
98,1,bottle,393,74,455,136,-56.57694244,23.68337059,581,,,,,,,,,,,,,,,,,
98,1,tvmonitor,393,74,455,136,143.7896423,137.0071106,599,,,,,,,,,,,,,,,,,
99,1,bottle,386,77,453,144,-70.20314789,23.86907005,620,,,,,,,,,,,,,,,,,
99,1,tvmonitor,386,77,453,144,292.6656189,286.927063,1267,,,,,,,,,,,,,,,,,
100,1,bottle,379,118,450,189,-72.28659058,15.21823025,560,,,,,,,,,,,,,,,,,
100,1,tvmonitor,379,118,450,189,323.1428223,161.5714111,1518,,,,,,,,,,,,,,,,,
101,1,bottle,382,118,451,187,-73.55477905,12.68185806,560,,,,,,,,,,,,,,,,,
101,1,tvmonitor,382,118,451,187,311.9737244,155.9868622,1435,,,,,,,,,,,,,,,,,
102,1,bottle,373,121,449,197,-80.98272705,12.14740944,596,,,,,,,,,,,,,,,,,
102,1,tvmonitor,373,121,449,197,293.3404541,137.3082886,1378,,,,,,,,,,,,,,,,,
103,2,bottle,378,68,450,140,-103.1986237,8.845596313,651,,,,,,,,,,,,,,,,,
103,2,tvmonitor,378,68,450,140,141.8556366,75.00413513,720,,,,,,,,,,,,,,,,,
104,1,bottle,360,121,444,205,-98.1711731,10.47159195,578,,,,,,,,,,,,,,,,,
104,1,tvmonitor,360,121,444,205,134.817215,60.83216095,726,,,,,,,,,,,,,,,,,
105,1,bottle,362,98,445,181,-102.1546326,11.63786983,571,,,,,,,,,,,,,,,,,
105,1,tvmonitor,362,98,445,181,143.6039276,105.5402374,764,,,,,,,,,,,,,,,,,
106,1,bottle,355,111,442,198,-119.7710953,20.41552734,601,,,,,,,,,,,,,,,,,
106,1,tvmonitor,355,111,442,198,169.7512054,100.1096878,961,,,,,,,,,,,,,,,,,
107,1,bottle,352,112,441,201,-123.041214,17.01633835,578,,,,,,,,,,,,,,,,,
107,1,tvmonitor,352,112,441,201,170.3898315,98.64674377,990,,,,,,,,,,,,,,,,,
108,1,bottle,346,109,440,203,-137.9038849,13.06457806,641,,,,,,,,,,,,,,,,,
108,1,tvmonitor,346,109,440,203,147.4628296,88.88170624,892,,,,,,,,,,,,,,,,,
109,1,bottle,343,98,438,193,-126.1391983,15.13670349,557,,,,,,,,,,,,,,,,,
109,1,tvmonitor,343,98,438,193,143.4635315,112.7213364,905,,,,,,,,,,,,,,,,,
110,1,bottle,334,105,436,207,-140.2613525,22.54200554,553,,,,,,,,,,,,,,,,,
110,1,tvmonitor,334,105,436,207,138.8097382,93.96350861,943,,,,,,,,,,,,,,,,,
111,2,bottle,327,106,433,212,-157.3796082,25.59017944,565,,,,,,,,,,,,,,,,,
111,2,tvmonitor,327,106,433,212,83.19299316,83.19299316,656,,,,,,,,,,,,,,,,,
114,0,tvmonitor,313,64,425,176,52.01374054,139.8990326,792,,,,,,,,,,,,,,,,,
115,0,tvmonitor,299,72,400,173,63.76710129,120.9939804,722,,,,,,,,,,,,,,,,,
116,0,tvmonitor,299,66,419,186,51.44079208,32.33420944,649,,,,,,,,,,,,,,,,,
117,0,tvmonitor,292,115,419,242,50.12504578,35.38238525,651,,,,,,,,,,,,,,,,,
118,0,tvmonitor,291,113,417,239,56.74225616,23.64260674,696,,,,,,,,,,,,,,,,,
119,0,tvmonitor,291,120,421,250,55.55333328,24.02306366,663,,,,,,,,,,,,,,,,,
120,0,tvmonitor,293,120,422,249,44.56767273,20.79824829,656,,,,,,,,,,,,,,,,,
121,0,tvmonitor,284,120,417,253,56.51579666,14.96006489,734,,,,,,,,,,,,,,,,,
122,0,tvmonitor,288,125,420,257,50.4330368,16.31657028,655,,,,,,,,,,,,,,,,,
123,0,tvmonitor,289,124,420,255,56.10816574,19.19489861,652,,,,,,,,,,,,,,,,,
124,0,tvmonitor,294,123,422,251,61.75385666,20.02827835,737,,,,,,,,,,,,,,,,,
125,0,tvmonitor,292,123,422,253,56.71055222,23.87812805,659,,,,,,,,,,,,,,,,,
126,0,tvmonitor,294,120,422,248,58.78947067,23.51578903,649,,,,,,,,,,,,,,,,,
127,0,tvmonitor,297,121,423,247,60.16635895,24.94702721,648,,,,,,,,,,,,,,,,,
128,0,tvmonitor,300,122,423,245,68.65187836,23.37085342,645,,,,,,,,,,,,,,,,,
129,0,tvmonitor,308,125,426,243,97.22003174,28.80593681,795,,,,,,,,,,,,,,,,,
130,0,tvmonitor,329,131,433,235,91.31164551,25.44750786,661,,,,,,,,,,,,,,,,,
131,1,bottle,338,129,437,228,-152.839035,-62.93372345,794,,,,,,,,,,,,,,,,,
131,1,tvmonitor,338,129,437,228,110.3072662,36.22029495,727,,,,,,,,,,,,,,,,,
132,1,bottle,361,138,445,222,-92.85838318,-58.7192688,603,,,,,,,,,,,,,,,,,
132,1,tvmonitor,361,138,445,222,119.3566666,28.76064491,635,,,,,,,,,,,,,,,,,
133,1,bottle,377,105,450,178,-72.61495972,-52.06355667,605,,,,,,,,,,,,,,,,,
133,1,tvmonitor,377,105,450,178,134.5794373,85.3783493,639,,,,,,,,,,,,,,,,,
134,1,bottle,377,133,449,205,-56.64714432,-53.21398926,758,,,,,,,,,,,,,,,,,
134,1,tvmonitor,377,133,449,205,173.1209564,57.70698166,822,,,,,,,,,,,,,,,,,
135,1,bottle,398,197,457,256,-22.24760246,-33.37140656,614,,,,,,,,,,,,,,,,,
135,1,sofa,398,197,457,256,163.0773773,-39.62627792,673,,,,,,,,,,,,,,,,,
136,1,bottle,411,127,461,177,-1.727903247,-38.01387024,763,,,,,,,,,,,,,,,,,
136,1,tvmonitor,411,127,461,177,342.8178101,141.8556366,1305,,,,,,,,,,,,,,,,,
137,0,bottle,319,201,348,230,0,0,0,,,,,,,,,,,,,,,,,
138,1,bottle,428,192,466,230,36.09574127,-27.50151634,759,,,,,,,,,,,,,,,,,
138,1,sofa,428,192,466,230,184.0681152,-15.94290829,640,,,,,,,,,,,,,,,,,
139,0,bottle,336,198,369,231,46.66923904,-20.41779137,644,,,,,,,,,,,,,,,,,
140,0,bottle,338,197,371,230,47.27615738,-18.0761776,614,,,,,,,,,,,,,,,,,
141,0,bottle,343,196,371,224,49.6041832,-13.40653706,592,,,,,,,,,,,,,,,,,
142,0,bottle,347,196,380,229,70.30731201,-19.62064552,722,,,,,,,,,,,,,,,,,
143,0,bottle,349,195,381,227,62.7752037,-15.3450489,616,,,,,,,,,,,,,,,,,
144,0,bottle,352,197,383,228,75.46385956,-19.26736832,709,,,,,,,,,,,,,,,,,
145,0,bottle,353,197,386,230,71.90613556,-19.0771389,648,,,,,,,,,,,,,,,,,
146,0,bottle,359,198,390,229,93.06219482,-22.403862,761,,,,,,,,,,,,,,,,,
147,0,bottle,363,197,394,228,0,0,0,,,,,,,,,,,,,,,,,
148,0,bottle,364,199,395,230,82.17165375,-19.49835777,615,,,,,,,,,,,,,,,,,
149,0,bottle,365,199,396,230,77.72167206,-18.13505745,572,,,,,,,,,,,,,,,,,
150,0,bottle,367,200,398,231,101.0925293,-24.45786858,720,,,,,,,,,,,,,,,,,
151,0,bottle,368,199,400,231,83.7727356,-19.63423538,578,,,,,,,,,,,,,,,,,
152,0,bottle,370,199,402,231,93.41548157,-21.23079109,625,,,,,,,,,,,,,,,,,
153,0,bottle,371,202,403,234,99.686203,-26.78136635,657,,,,,,,,,,,,,,,,,
154,0,bottle,373,202,402,231,87.39611816,-20.87071609,576,,,,,,,,,,,,,,,,,
155,0,bottle,377,202,407,232,115.6042023,-27.29543877,709,,,,,,,,,,,,,,,,,
156,0,bottle,381,205,413,237,99.74282074,-27.20258522,572,,,,,,,,,,,,,,,,,
157,0,bottle,387,207,419,239,110.5223999,-30.626688,588,,,,,,,,,,,,,,,,,
158,0,bottle,392,208,425,241,0,0,0,,,,,,,,,,,,,,,,,
159,0,bottle,396,207,427,238,0,0,0,,,,,,,,,,,,,,,,,
160,0,bottle,398,209,429,240,0,0,0,,,,,,,,,,,,,,,,,
161,0,bottle,399,207,429,237,127.0858078,-29.74348831,597,,,,,,,,,,,,,,,,,
162,0,bottle,402,201,433,232,0,0,0,,,,,,,,,,,,,,,,,
163,0,bottle,405,200,437,232,0,0,0,,,,,,,,,,,,,,,,,
164,0,bottle,412,197,444,229,187.8364563,-22.60994339,768,,,,,,,,,,,,,,,,,
165,0,bottle,420,196,453,229,147.6349487,-15.27258205,562,,,,,,,,,,,,,,,,,
166,0,bottle,427,191,461,225,171.2956696,-11.05133343,610,,,,,,,,,,,,,,,,,
167,0,bottle,434,192,469,227,192.2388611,-13.20724964,648,,,,,,,,,,,,,,,,,
168,0,bottle,439,192,470,223,154.7639618,-8.084685326,510,,,,,,,,,,,,,,,,,
169,0,bottle,441,198,470,227,175.4852142,-15.59868622,574,,,,,,,,,,,,,,,,,
170,0,bottle,450,194,474,218,162.0741425,-6.848203182,504,,,,,,,,,,,,,,,,,
172,0,pottedplant,352,210,405,263,66.98738861,-41.57838058,510,,,,,,,,,,,,,,,,,
174,0,bottle,460,207,477,224,165.9058838,-16.81478691,495,,,,,,,,,,,,,,,,,
175,0,bottle,459,210,477,228,217.8562317,-27.96802711,650,,,,,,,,,,,,,,,,,
176,1,bottle,353,222,406,275,231.2627411,-29.68913651,690,,,,,,,,,,,,,,,,,
176,1,pottedplant,353,222,406,275,67.34066772,-54.78562546,504,,,,,,,,,,,,,,,,,
177,0,bottle,460,209,478,227,0,0,0,,,,,,,,,,,,,,,,,
179,0,bottle,446,195,472,221,149.5213776,-8.605546951,475,,,,,,,,,,,,,,,,,
180,1,bottle,339,217,389,267,190.4951019,-15.29522705,614,,,,,,,,,,,,,,,,,
180,1,pottedplant,339,217,389,267,61.77877426,-58.97064209,620,,,,,,,,,,,,,,,,,
181,0,bottle,437,205,470,238,0,0,0,,,,,,,,,,,,,,,,,
182,0,bottle,435,208,465,238,0,0,0,,,,,,,,,,,,,,,,,
183,1,bottle,324,237,377,290,182.3470154,-40.06108475,610,,,,,,,,,,,,,,,,,
183,1,pottedplant,324,237,377,290,32.474617,-68.19669342,478,,,,,,,,,,,,,,,,,
184,1,bottle,320,224,375,279,140.8456268,-22.11625481,514,,,,,,,,,,,,,,,,,
184,1,pottedplant,320,224,375,279,29.10486412,-54.97585678,476,,,,,,,,,,,,,,,,,
185,1,bottle,321,223,377,279,130.2155151,-15.62586212,460,,,,,,,,,,,,,,,,,
185,1,pottedplant,321,223,377,279,33.69071579,-59.24918747,513,,,,,,,,,,,,,,,,,
186,1,bottle,322,231,375,284,157.6898651,-16.01537704,544,,,,,,,,,,,,,,,,,
186,1,pottedplant,322,231,375,284,31.06376076,-59.98519516,473,,,,,,,,,,,,,,,,,
187,1,bottle,322,230,376,284,184.3579865,-23.04474831,636,,,,,,,,,,,,,,,,,
187,1,pottedplant,322,230,376,284,30.05600548,-61.18543625,474,,,,,,,,,,,,,,,,,
188,1,bottle,318,227,369,278,152.2321167,-18.7170639,551,,,,,,,,,,,,,,,,,
188,1,pottedplant,318,227,369,278,27.70985985,-62.64838409,532,,,,,,,,,,,,,,,,,
189,1,bottle,319,230,374,285,144.2198944,-20.0962162,522,,,,,,,,,,,,,,,,,
189,1,pottedplant,319,230,374,285,26.25144768,-57.9719429,483,,,,,,,,,,,,,,,,,
190,1,bottle,317,230,373,286,144.566391,-19.98072243,519,,,,,,,,,,,,,,,,,
190,1,pottedplant,317,230,373,286,27.90914726,-62.25886917,474,,,,,,,,,,,,,,,,,
191,0,bottle,429,203,462,236,143.173645,-20.9522419,514,,,,,,,,,,,,,,,,,
191,0,pottedplant,429,203,462,236,26.7224884,-64.13397217,472,,,,,,,,,,,,,,,,,
192,0,bottle,425,201,460,236,184.849411,-28.09711075,653,,,,,,,,,,,,,,,,,
193,0,bottle,427,203,460,236,130.1294556,-19.19942856,471,,,,,,,,,,,,,,,,,
194,0,bottle,426,203,459,236,136.7602539,-21.29872894,495,,,,,,,,,,,,,,,,,
195,0,bottle,425,204,458,237,147.4220734,-24.36728477,538,,,,,,,,,,,,,,,,,
196,0,bottle,425,202,458,235,129.8848724,-19.32171631,474,,,,,,,,,,,,,,,,,
197,0,bottle,418,203,450,235,106.1063843,-17.68439865,411,,,,,,,,,,,,,,,,,
198,0,bottle,410,206,443,239,176.6764069,-36.66868973,736,,,,,,,,,,,,,,,,,
199,0,bottle,409,209,440,240,112.1076202,-25.87099075,476,,,,,,,,,,,,,,,,,
200,1,bottle,296,235,347,286,108.4162979,-28.98257446,474,,,,,,,,,,,,,,,,,
200,1,pottedplant,296,235,347,286,1.118721128,-67.12326813,494,,,,,,,,,,,,,,,,,
201,0,bottle,401,222,433,254,111.4101334,-42.06300735,502,,,,,,,,,,,,,,,,,
202,0,bottle,401,223,432,254,108.9552765,-42.68351364,496,,,,,,,,,,,,,,,,,
203,0,bottle,401,223,433,255,114.4469757,-46.01476669,521,,,,,,,,,,,,,,,,,
204,0,bottle,398,223,430,255,120.9079361,-50.90860367,562,,,,,,,,,,,,,,,,,
205,0,bottle,397,225,428,256,120.912468,-50.16580963,568,,,,,,,,,,,,,,,,,
206,0,bottle,395,227,427,259,181.2599945,-78.80869293,870,,,,,,,,,,,,,,,,,
207,0,bottle,395,219,427,251,144.2561493,-68.16498566,700,,,,,,,,,,,,,,,,,
208,0,bottle,392,227,424,259,139.1041412,-53.50159454,675,,,,,,,,,,,,,,,,,
209,0,bottle,383,229,416,262,91.67172241,-44.79413986,460,,,,,,,,,,,,,,,,,
210,0,bottle,377,226,409,258,92.67267609,-52.78823471,518,,,,,,,,,,,,,,,,,
211,0,bottle,372,223,404,255,83.81575775,-48.22276688,507,,,,,,,,,,,,,,,,,
212,0,bottle,364,216,397,249,74.07111359,-42.4819603,481,,,,,,,,,,,,,,,,,
213,0,bottle,356,211,392,247,60.87292099,-32.4655571,448,,,,,,,,,,,,,,,,,
214,0,bottle,344,205,378,239,62.73443604,-33.69071579,513,,,,,,,,,,,,,,,,,
215,0,bottle,341,205,374,238,46.14611053,-24.76132774,497,,,,,,,,,,,,,,,,,
216,0,bottle,336,206,370,240,40.30340195,-22.87490273,481,,,,,,,,,,,,,,,,,
217,1,bottle,223,231,275,283,32.20965576,-22.44915581,431,,,,,,,,,,,,,,,,,
218,1,bottle,223,231,277,285,37.43412781,-23.70828056,551,,,,,,,,,,,,,,,,,
218,1,pottedplant,223,231,277,285,-86.71221161,-71.84725189,547,,,,,,,,,,,,,,,,,
219,1,bottle,222,230,277,285,46.27519608,-24.49863243,601,,,,,,,,,,,,,,,,,
219,1,pottedplant,222,230,277,285,-74.92713928,-60.152771,466,,,,,,,,,,,,,,,,,
220,1,bottle,228,240,285,297,38.29468536,-24.18611526,445,,,,,,,,,,,,,,,,,
220,1,pottedplant,228,240,285,297,-80.00440979,-85.00468445,552,,,,,,,,,,,,,,,,,
221,0,bottle,346,210,380,244,57.55072784,-36.13650131,591,,,,,,,,,,,,,,,,,
222,0,bottle,347,207,383,243,49.42528152,-27.45849037,485,,,,,,,,,,,,,,,,,
223,0,bottle,351,220,392,261,0,0,0,,,,,,,,,,,,,,,,,
224,0,bottle,360,211,396,247,70.79647064,-35.39823532,539,,,,,,,,,,,,,,,,,
225,0,bottle,361,213,396,248,55.16608429,-28.53417969,420,,,,,,,,,,,,,,,,,
226,0,bottle,361,213,397,249,47.29880524,-24.85191345,354,,,,,,,,,,,,,,,,,
227,0,bottle,364,212,401,249,56.16251755,-27.17541313,400,,,,,,,,,,,,,,,,,
228,0,bottle,362,214,404,256,73.19017792,-40.66120911,513,,,,,,,,,,,,,,,,,
9,0,car,297,148,396,247,19.62970543,0,394,,,,,,,,,,,,,,,,,
10,0,car,272,130,413,271,16.88272476,0,355,,,,,,,,,,,,,,,,,
11,0,car,270,129,412,271,18.43398857,1.84339869,407,,,,,,,,,,,,,,,,,
13,0,car,268,126,412,270,21.82411957,1.897749543,419,,,,,,,,,,,,,,,,,
24,0,diningtable,274,129,413,268,4.404681683,2.642808676,389,,,,,,,,,,,,,,,,,
25,0,diningtable,246,118,405,277,23.20779991,-1.657699943,366,,,,,,,,,,,,,,,,,
28,0,bottle,281,135,415,269,11.63334084,30.66971397,467,,,,,,,,,,,,,,,,,
31,0,bottle,263,103,399,239,60.62834549,17.13409805,582,,,,,,,,,,,,,,,,,
32,0,bottle,352,173,381,202,54.28288651,0,510,,,,,,,,,,,,,,,,,
33,0,bottle,351,184,384,217,56.30744553,-4.692287445,518,,,,,,,,,,,,,,,,,
34,0,bottle,351,187,386,222,73.55477905,-1.313478231,580,,,,,,,,,,,,,,,,,
35,0,bottle,355,180,397,222,71.69553375,5.876682758,519,,,,,,,,,,,,,,,,,
36,0,bottle,359,173,404,218,96.37760162,-9.402692795,519,,,,,,,,,,,,,,,,,
37,0,bottle,379,185,426,232,110.8756866,-13.85946083,510,,,,,,,,,,,,,,,,,
38,0,bottle,395,191,437,233,118.4802628,-2.346143723,518,,,,,,,,,,,,,,,,,
39,0,bottle,398,179,444,225,118.8244858,3.362957001,495,,,,,,,,,,,,,,,,,
40,0,bottle,404,175,449,220,130.6322021,6.875379086,506,,,,,,,,,,,,,,,,,
41,0,bottle,412,172,457,217,130.1385193,3.308606386,487,,,,,,,,,,,,,,,,,
42,0,bottle,417,176,460,219,129.0696259,3.28143096,483,,,,,,,,,,,,,,,,,
43,0,bottle,416,175,461,220,144.1768646,4.846281528,535,,,,,,,,,,,,,,,,,
44,0,bottle,417,174,462,219,128.5351715,0,481,,,,,,,,,,,,,,,,,
45,0,bottle,417,179,459,221,131.2776184,1.161748767,513,,,,,,,,,,,,,,,,,
46,0,bottle,410,176,457,223,117.9956284,-13.61488056,501,,,,,,,,,,,,,,,,,
47,0,bottle,401,189,447,235,97.45102692,-2.214796066,489,,,,,,,,,,,,,,,,,
48,0,bottle,385,179,431,225,87.01340485,2.260088444,499,,,,,,,,,,,,,,,,,
49,0,bottle,374,175,421,222,82.95294189,1.120985746,495,,,,,,,,,,,,,,,,,
50,0,bottle,372,177,416,221,81.32241821,-2.323497534,513,,,,,,,,,,,,,,,,,
51,0,bottle,368,180,412,224,84.23471069,-2.477491617,547,,,,,,,,,,,,,,,,,
52,0,bottle,366,180,410,224,64.22908783,-3.322193861,489,,,,,,,,,,,,,,,,,
53,0,bottle,359,184,398,223,60.25241852,2.273676157,502,,,,,,,,,,,,,,,,,
54,0,bottle,353,178,394,219,54.24212265,-11.30044174,499,,,,,,,,,,,,,,,,,
55,0,bottle,347,189,389,231,45.74527359,-11.4363184,505,,,,,,,,,,,,,,,,,
56,0,bottle,341,191,380,230,41.41532516,-10.35383129,508,,,,,,,,,,,,,,,,,
57,0,bottle,337,190,376,229,38.57549667,-9.076586723,501,,,,,,,,,,,,,,,,,
58,0,bottle,335,189,373,227,37.82817078,-10.63917351,522,,,,,,,,,,,,,,,,,
59,0,bottle,334,191,371,228,51.04901123,-15.01441479,663,,,,,,,,,,,,,,,,,
60,0,bottle,336,192,372,228,40.42342758,-17.32432556,510,,,,,,,,,,,,,,,,,
61,0,bottle,335,195,376,236,48.00989151,-21.60445213,530,,,,,,,,,,,,,,,,,
62,0,bottle,342,200,379,237,49.56568527,-21.90111542,509,,,,,,,,,,,,,,,,,
63,0,bottle,344,200,383,239,50.63685226,-23.55202293,520,,,,,,,,,,,,,,,,,
64,0,bottle,344,201,383,240,46.88890839,-21.72900581,505,,,,,,,,,,,,,,,,,
65,0,bottle,343,201,380,238,45.30820465,-20.91147804,513,,,,,,,,,,,,,,,,,
66,0,bottle,342,201,377,236,41.53308868,-22.54653358,524,,,,,,,,,,,,,,,,,
67,0,bottle,336,200,375,239,40.42342758,-20.78919029,510,,,,,,,,,,,,,,,,,
68,0,bottle,335,198,375,238,37.73984909,-19.44174194,505,,,,,,,,,,,,,,,,,
69,0,bottle,334,198,373,237,40.89899445,-21.0337677,516,,,,,,,,,,,,,,,,,
70,0,bottle,336,199,375,238,41.9950676,-18.78726768,488,,,,,,,,,,,,,,,,,
71,0,bottle,340,199,377,236,61.45266342,-25.50865173,512,,,,,,,,,,,,,,,,,
72,0,diningtable,350,199,396,245,6.397544861,-87.00661469,565,,,,,,,,,,,,,,,,,
73,0,diningtable,245,188,406,349,6.590037823,-98.85056305,582,,,,,,,,,,,,,,,,,
74,0,bottle,429,216,465,252,142.9403992,-38.26750565,497,,,,,,,,,,,,,,,,,
75,0,bottle,436,211,470,245,147.2839355,-31.00714493,489,,,,,,,,,,,,,,,,,
76,0,bottle,442,206,470,234,152.7620392,-22.46500587,496,,,,,,,,,,,,,,,,,
77,0,bottle,443,205,471,233,148.6110077,-20.61028481,479,,,,,,,,,,,,,,,,,
94,0,bottle,428,213,466,251,133.7369843,-33.69750977,465,,,,,,,,,,,,,,,,,
95,0,bottle,420,211,463,254,128.5147858,-33.98738098,469,,,,,,,,,,,,,,,,,
96,0,bottle,414,212,456,254,127.350769,-36.54413605,489,,,,,,,,,,,,,,,,,
97,0,bottle,413,217,449,253,120.9102097,-38.12483978,481,,,,,,,,,,,,,,,,,
98,0,bottle,407,214,442,249,124.3546906,-37.06726074,528,,,,,,,,,,,,,,,,,
99,0,bottle,401,207,437,243,123.9810181,-31.30833817,553,,,,,,,,,,,,,,,,,
100,0,bottle,398,205,436,243,108.735611,-26.90365601,495,,,,,,,,,,,,,,,,,
101,0,bottle,392,207,430,245,103.4522629,-29.55778885,502,,,,,,,,,,,,,,,,,
102,0,bottle,380,211,419,250,95.35625458,-36.21123886,533,,,,,,,,,,,,,,,,,
103,0,bottle,369,212,411,254,87.18777466,-41.10280991,550,,,,,,,,,,,,,,,,,
104,0,bottle,366,210,401,245,74.18887329,-31.79523087,520,,,,,,,,,,,,,,,,,
105,0,bottle,365,209,398,242,67.41313934,-27.62833214,488,,,,,,,,,,,,,,,,,
106,0,bottle,363,212,395,244,83.24054718,-39.50399017,623,,,,,,,,,,,,,,,,,
107,0,bottle,362,211,394,243,69.08895111,-32.16209793,526,,,,,,,,,,,,,,,,,
108,0,bottle,361,213,392,244,0,0,0,,,,,,,,,,,,,,,,,
109,0,bottle,360,211,391,242,92.66815186,-43.8067627,744,,,,,,,,,,,,,,,,,
110,0,bottle,360,208,391,239,49.57247925,-20.73030853,398,,,,,,,,,,,,,,,,,
111,0,bottle,359,203,390,234,53.07357788,-17.69119263,434,,,,,,,,,,,,,,,,,
112,0,bottle,354,198,386,230,62.05052567,-17.37414742,548,,,,,,,,,,,,,,,,,
113,0,bottle,353,195,386,228,57.81342316,-12.97852325,521,,,,,,,,,,,,,,,,,
114,1,bottle,252,210,405,361,54.48217392,-11.84395027,523,,,,,,,,,,,,,,,,,
114,1,diningtable,252,210,405,361,9.49327755,-100.8660736,524,,,,,,,,,,,,,,,,,
115,0,bottle,350,193,382,225,54.79468536,-10.72069931,526,,,,,,,,,,,,,,,,,
116,0,bottle,350,193,382,225,65.00358582,-12.71809196,624,,,,,,,,,,,,,,,,,
117,0,bottle,353,194,385,226,0,0,0,,,,,,,,,,,,,,,,,
118,0,bottle,355,197,387,229,54.05189133,-13.77793407,468,,,,,,,,,,,,,,,,,
119,0,bottle,360,196,391,227,0,0,0,,,,,,,,,,,,,,,,,
120,0,bottle,362,197,393,228,67.89775848,-14.29426575,526,,,,,,,,,,,,,,,,,
121,1,bottle,258,214,410,361,0,0,0,,,,,,,,,,,,,,,,,
121,1,diningtable,258,214,410,361,16.77175713,-104.2245026,529,,,,,,,,,,,,,,,,,
122,0,bottle,359,197,392,230,66.2627182,-15.66209602,532,,,,,,,,,,,,,,,,,
123,0,bottle,349,195,384,230,56.46144485,-14.72907257,542,,,,,,,,,,,,,,,,,
124,0,bottle,334,190,371,227,52.53913116,-13.13478279,725,,,,,,,,,,,,,,,,,
125,0,bottle,317,188,354,225,18.5811882,-7.432474613,547,,,,,,,,,,,,,,,,,
126,0,bottle,301,187,337,223,-1.854721904,-9.273609161,819,,,,,,,,,,,,,,,,,
127,0,bottle,296,183,327,214,-11.33214569,2.518254757,556,,,,,,,,,,,,,,,,,
128,1,bottle,420,128,464,172,-14.64754677,0,539,,,,,,,,,,,,,,,,,
128,1,tvmonitor,420,128,464,172,0,0,0,,,,,,,,,,,,,,,,,
129,1,bottle,418,129,463,174,-17.02539635,0,537,,,,,,,,,,,,,,,,,
130,1,bottle,416,123,463,170,-19.01825905,-14.62942982,646,,,,,,,,,,,,,,,,,
130,1,tvmonitor,416,123,463,170,194.0324402,88.04833221,720,,,,,,,,,,,,,,,,,
131,1,bottle,414,134,462,182,-18.34340286,-19.56629753,540,,,,,,,,,,,,,,,,,
131,1,tvmonitor,414,134,462,182,197.2119598,70.19408417,738,,,,,,,,,,,,,,,,,
132,1,bottle,406,129,459,182,-40.28075409,-21.9713192,539,,,,,,,,,,,,,,,,,
132,1,tvmonitor,406,129,459,182,290.9218445,116.8882446,1147,,,,,,,,,,,,,,,,,
133,1,bottle,378,124,450,196,-84.69216919,-22.09361076,542,,,,,,,,,,,,,,,,,
133,1,tvmonitor,378,124,450,196,255.0231171,108.5204849,1198,,,,,,,,,,,,,,,,,
134,1,bottle,380,131,451,202,-95.03468323,-20.98168182,545,,,,,,,,,,,,,,,,,
134,1,tvmonitor,380,131,451,202,246.5489044,88.23855591,1146,,,,,,,,,,,,,,,,,
135,1,bottle,381,139,451,209,-95.38342285,-30.96864319,547,,,,,,,,,,,,,,,,,
135,1,tvmonitor,381,139,451,209,238.0565948,64.4736557,1095,,,,,,,,,,,,,,,,,
136,1,bottle,377,132,450,205,-142.7252655,-54.89432907,808,,,,,,,,,,,,,,,,,
136,1,tvmonitor,377,132,450,205,218.6125946,75.22154236,1038,,,,,,,,,,,,,,,,,
137,1,bottle,366,135,445,214,-116.2292404,-39.56739807,546,,,,,,,,,,,,,,,,,
137,1,tvmonitor,366,135,445,214,162.2711792,49.63589096,843,,,,,,,,,,,,,,,,,
138,1,bottle,361,145,444,228,-115.3256454,-47.5569725,525,,,,,,,,,,,,,,,,,
138,1,tvmonitor,361,145,444,228,179.9420013,30.72180176,969,,,,,,,,,,,,,,,,,
139,1,bottle,358,153,443,238,-122.7286911,-58.85967636,553,,,,,,,,,,,,,,,,,
139,1,tvmonitor,358,153,443,238,175.1908112,10.9494257,967,,,,,,,,,,,,,,,,,
140,1,bottle,360,156,444,240,-125.0068893,-68.75378418,552,,,,,,,,,,,,,,,,,
140,1,tvmonitor,360,156,444,240,200.5545502,4.891574383,1080,,,,,,,,,,,,,,,,,
141,1,bottle,359,155,444,240,-125.912735,-71.77025604,556,,,,,,,,,,,,,,,,,
141,1,tvmonitor,359,155,444,240,171.1439514,6.338664532,933,,,,,,,,,,,,,,,,,
142,1,bottle,362,156,445,239,-124.5539703,-69.75022125,550,,,,,,,,,,,,,,,,,
142,1,tvmonitor,362,156,445,239,153.9441833,5.63210392,829,,,,,,,,,,,,,,,,,
143,1,bottle,363,154,445,236,-131.5176697,-67.71206665,575,,,,,,,,,,,,,,,,,
143,1,tvmonitor,363,154,445,236,162.4002533,9.783148766,864,,,,,,,,,,,,,,,,,
144,1,bottle,362,152,445,235,-122.8600388,-59.56850815,548,,,,,,,,,,,,,,,,,
144,1,tvmonitor,362,152,445,235,168.6030426,10.15680981,897,,,,,,,,,,,,,,,,,
145,1,bottle,358,147,443,232,-131.1553192,-63.59046173,585,,,,,,,,,,,,,,,,,
145,1,tvmonitor,358,147,443,232,167.2918396,16.52264977,912,,,,,,,,,,,,,,,,,
146,1,bottle,357,152,443,238,-123.0842285,-63.40703201,549,,,,,,,,,,,,,,,,,
146,1,tvmonitor,357,152,443,238,184.0930328,13.98174953,1029,,,,,,,,,,,,,,,,,
147,1,bottle,363,156,445,238,-130.9718933,-73.19017792,567,,,,,,,,,,,,,,,,,
147,1,tvmonitor,363,156,445,238,179.5705872,13.13931179,967,,,,,,,,,,,,,,,,,
148,1,bottle,358,153,444,239,-140.0552826,-76.03000641,589,,,,,,,,,,,,,,,,,
148,1,tvmonitor,358,153,444,239,186.2715912,11.22117996,991,,,,,,,,,,,,,,,,,
149,1,bottle,362,143,445,226,-134.9530945,-75.26229858,573,,,,,,,,,,,,,,,,,
149,1,tvmonitor,362,143,445,226,165.4076691,31.88581657,880,,,,,,,,,,,,,,,,,
150,1,bottle,362,155,445,238,-129.8169403,-72.54476166,562,,,,,,,,,,,,,,,,,
150,1,tvmonitor,362,155,445,238,165.2197113,7.962395668,879,,,,,,,,,,,,,,,,,
151,1,bottle,365,156,446,237,-126.1210861,-70.47942352,546,,,,,,,,,,,,,,,,,
151,1,tvmonitor,365,156,446,237,179.0180206,8.424377441,930,,,,,,,,,,,,,,,,,
152,1,bottle,363,155,445,237,-126.1210861,-70.47942352,546,,,,,,,,,,,,,,,,,
152,1,tvmonitor,363,155,445,237,163.0252838,7.76310873,857,,,,,,,,,,,,,,,,,
153,1,bottle,363,155,445,237,-138.4858856,-79.89571381,588,,,,,,,,,,,,,,,,,
153,1,tvmonitor,363,155,445,237,171.0148621,8.143565178,899,,,,,,,,,,,,,,,,,
154,1,bottle,364,156,446,238,-137.0727844,-77.76244354,582,,,,,,,,,,,,,,,,,
154,1,tvmonitor,364,156,446,238,156.8813782,5.536989689,815,,,,,,,,,,,,,,,,,
155,1,bottle,363,153,445,235,-127.3575668,-69.24294281,546,,,,,,,,,,,,,,,,,
155,1,tvmonitor,363,153,445,235,168.7910004,10.16813278,898,,,,,,,,,,,,,,,,,
156,1,bottle,367,154,446,233,-124.8845978,-65.53350067,546,,,,,,,,,,,,,,,,,
156,1,tvmonitor,367,154,446,233,160.5387421,13.22083759,834,,,,,,,,,,,,,,,,,
157,1,bottle,363,152,445,234,-123.0842285,-64.6503067,549,,,,,,,,,,,,,,,,,
157,1,tvmonitor,363,152,445,234,175.0096588,14.58413696,920,,,,,,,,,,,,,,,,,
158,1,bottle,362,151,445,234,-121.3970871,-64.41478729,547,,,,,,,,,,,,,,,,,
158,1,tvmonitor,362,151,445,234,176.3095398,16.99369049,938,,,,,,,,,,,,,,,,,
159,1,bottle,363,152,445,234,-120.9532242,-62.94504547,545,,,,,,,,,,,,,,,,,
159,1,tvmonitor,363,152,445,234,173.2975922,14.44146729,911,,,,,,,,,,,,,,,,,
160,1,bottle,361,150,444,233,-124.6536026,-66.73374939,556,,,,,,,,,,,,,,,,,
160,1,tvmonitor,361,150,444,233,170.6570587,18.73065186,919,,,,,,,,,,,,,,,,,
161,1,bottle,360,145,444,229,-128.9065704,-59.58888626,537,,,,,,,,,,,,,,,,,
161,1,tvmonitor,360,145,444,229,159.1437225,25.23010445,857,,,,,,,,,,,,,,,,,
162,2,bottle,359,135,443,219,-132.8062286,-54.10624313,543,,,,,,,,,,,,,,,,,
162,2,car,359,135,443,219,151.1496429,33.58880615,824,,,,,,,,,,,,,,,,,
162,2,tvmonitor,359,135,443,219,154.7639618,32.77354431,804,,,,,,,,,,,,,,,,,
163,1,bottle,353,132,441,220,-133.7301941,-31.67294121,518,,,,,,,,,,,,,,,,,
163,1,tvmonitor,353,132,441,220,135.4898071,42.23059082,777,,,,,,,,,,,,,,,,,
164,1,bottle,353,128,441,216,-133.9747772,-24.25405693,510,,,,,,,,,,,,,,,,,
164,1,tvmonitor,353,128,441,216,160.4255219,58.33654785,920,,,,,,,,,,,,,,,,,
165,1,bottle,356,128,442,214,-125.0521851,-22.73676109,502,,,,,,,,,,,,,,,,,
165,1,tvmonitor,356,128,442,214,155.1104584,56.93927765,867,,,,,,,,,,,,,,,,,
166,1,bottle,372,101,448,177,-120.6724167,-23.68337059,498,,,,,,,,,,,,,,,,,
166,1,tvmonitor,372,101,448,177,163.4012146,95.00070953,839,,,,,,,,,,,,,,,,,
167,1,bottle,378,120,450,192,-101.8670273,-21.82864952,459,,,,,,,,,,,,,,,,,
167,1,tvmonitor,378,120,450,192,149.600647,73.13809204,734,,,,,,,,,,,,,,,,,
168,1,bottle,385,115,452,182,-101.9666672,-17.35602951,479,,,,,,,,,,,,,,,,,
168,1,tvmonitor,385,115,452,182,202.9731445,112.9953613,924,,,,,,,,,,,,,,,,,
169,1,bottle,390,115,454,179,-101.9077911,-16.98463249,500,,,,,,,,,,,,,,,,,
169,1,tvmonitor,390,115,454,179,276.7272339,143.7896423,1198,,,,,,,,,,,,,,,,,
170,1,bottle,390,115,454,179,-93.97257233,-14.45731831,456,,,,,,,,,,,,,,,,,
170,1,tvmonitor,390,115,454,179,325.4663086,169.1148529,1409,,,,,,,,,,,,,,,,,
171,1,bottle,387,114,453,180,-91.53585052,-10.71164227,430,,,,,,,,,,,,,,,,,
171,1,tvmonitor,387,114,453,180,268.8101196,142.4693451,1187,,,,,,,,,,,,,,,,,